age,sex,bmi,children,smoker,region,charges
19,female,27.9,0,yes,southwest,16884.92
18,male,33.77,1,no,southeast,1725.55
28,male,33.0,3,no,southeast,4449.46
33,male,22.71,0,no,northwest,21984.47
32,male,28.88,0,no,northwest,3866.86
31,female,25.74,0,no,southeast,3756.62
46,female,33.44,1,no,southeast,8240.59
37,female,27.74,3,no,northwest,7281.51
37,male,29.83,2,no,northeast,6406.41
60,female,25.84,0,no,northwest,28923.14
25,male,26.22,0,no,northeast,2721.32
62,female,26.29,0,yes,southeast,27808.73
23,male,34.4,0,no,southwest,1826.84
56,female,39.82,0,no,southeast,11090.72
19,male,24.6,1,no,southwest,1837.24
52,female,30.78,1,no,northeast,10797.34
23,male,23.85,0,no,northeast,2395.17
30,male,35.3,0,yes,southwest,36837.47
60,female,36.01,0,no,northeast,13228.85
30,female,32.4,1,no,southwest,4149.74
18,male,34.1,0,no,southeast,1137.01
34,female,31.92,1,yes,northeast,37701.88
37,male,28.03,2,no,northwest,6203.9
59,female,27.72,3,no,southeast,14001.13
63,female,23.09,0,no,northeast,14451.84
55,female,32.78,2,no,northwest,12268.63
23,male,17.39,1,no,northwest,2775.19
31,male,36.3,2,yes,southwest,38711.0
22,male,35.6,0,yes,southwest,35585.58
18,female,26.32,0,no,northeast,2198.19
19,female,28.6,5,no,southwest,4687.8
63,male,28.31,0,no,northwest,13770.1
28,male,36.4,1,yes,southwest,51194.56
19,male,20.43,0,no,northwest,1625.43
62,female,32.97,3,no,northwest,15612.19
26,male,20.8,0,no,southwest,2302.3
35,male,36.67,1,yes,northeast,39774.28
60,male,39.9,0,yes,southwest,48173.36
24,female,26.6,0,no,northeast,3046.06
31,female,36.63,2,no,southeast,4949.76
41,male,21.78,1,no,southeast,6272.48
37,female,30.8,2,no,southeast,6313.76
38,male,37.05,1,no,northeast,6079.67
55,male,37.3,0,no,southwest,20630.28
18,female,38.67,2,no,northeast,3393.36
28,female,34.77,0,no,northwest,3556.92
60,female,24.53,0,no,southeast,12629.9
36,male,35.2,1,yes,southeast,38709.18
18,female,35.63,0,no,northeast,2211.13
21,female,33.63,2,no,northwest,3579.83
48,male,28.0,1,yes,southwest,23568.27
36,male,34.43,0,yes,southeast,37742.58
40,female,28.69,3,no,northwest,8059.68
58,male,36.96,2,yes,northwest,47496.49
58,female,31.83,2,no,northeast,13607.37
18,male,31.68,2,yes,southeast,34303.17
53,female,22.88,1,yes,southeast,23244.79
34,female,37.34,2,no,northwest,5989.52
43,male,27.36,3,no,northeast,8606.22
25,male,33.66,4,no,southeast,4504.66
64,male,24.7,1,no,northwest,30166.62
28,female,25.94,1,no,northwest,4133.64
20,female,22.42,0,yes,northwest,14711.74
19,female,28.9,0,no,southwest,1743.21
61,female,39.1,2,no,southwest,14235.07
40,male,26.32,1,no,northwest,6389.38
40,female,36.19,0,no,southeast,5920.1
28,male,23.98,3,yes,southeast,17663.14
27,female,24.75,0,yes,southeast,16577.78
31,male,28.5,5,no,northeast,6799.46
53,female,28.1,3,no,southwest,11741.73
58,male,32.01,1,no,southeast,11946.63
44,male,27.4,2,no,southwest,7726.85
57,male,34.01,0,no,northwest,11356.66
29,female,29.59,1,no,southeast,3947.41
21,male,35.53,0,no,southeast,1532.47
22,female,39.81,0,no,northeast,2755.02
41,female,32.97,0,no,northwest,6571.02
31,male,26.89,1,no,northeast,4441.21
45,female,38.29,0,no,northeast,7935.29
22,male,37.62,1,yes,southeast,37165.16
37,female,34.8,2,yes,southwest,39836.52
45,male,22.9,2,yes,northwest,21098.55
57,female,31.16,0,yes,northwest,43578.94
56,female,27.2,0,no,southwest,11073.18
46,female,27.74,0,no,northwest,8026.67
55,female,26.98,0,no,northwest,11082.58
21,female,39.49,0,no,southeast,2026.97
53,female,24.8,1,no,northwest,10942.13
59,male,29.83,3,yes,northeast,30184.94
35,male,34.77,2,no,northwest,5729.01
64,female,31.3,2,yes,southwest,47291.06
28,female,37.62,1,no,southeast,3766.88
54,female,30.8,3,no,southwest,12105.32
55,male,38.28,0,no,southeast,10226.28
56,male,19.95,0,yes,northeast,22412.65
38,male,19.3,0,yes,southwest,15820.7
41,female,31.6,0,no,southwest,6186.13
30,male,25.46,0,no,northeast,3645.09
18,female,30.12,0,no,northeast,21344.85
61,female,29.92,3,yes,southeast,30942.19
34,female,27.5,1,no,southwest,5003.85
20,male,28.03,1,yes,northwest,17560.38
19,female,28.4,1,no,southwest,2331.52
26,male,30.88,2,no,northwest,3877.3
29,male,27.94,0,no,southeast,2867.12
63,male,35.09,0,yes,southeast,47055.53
54,male,33.63,1,no,northwest,10825.25
55,female,29.7,2,no,southwest,11881.36
37,male,30.8,0,no,southwest,4646.76
21,female,35.72,0,no,northwest,2404.73
52,male,32.21,3,no,northeast,11488.32
60,male,28.6,0,no,northeast,30260.0
29,female,27.94,1,yes,southeast,19107.78
49,female,27.17,0,no,southeast,8601.33
37,female,23.37,2,no,northwest,6686.43
44,male,37.1,2,no,southwest,7740.34
18,male,23.75,0,no,northeast,1705.62
20,female,28.98,0,no,northwest,2257.48
44,male,31.35,1,yes,northeast,39556.49
47,female,33.92,3,no,northwest,10115.01
26,female,28.79,0,no,northeast,3385.4
19,female,28.3,0,yes,southwest,17081.08
52,female,37.4,0,no,southwest,9634.54
32,female,17.77,2,yes,northwest,32734.19
38,male,34.7,2,no,southwest,6082.41
59,female,26.51,0,no,northeast,12815.44
61,female,22.04,0,no,northeast,13616.36
53,female,35.9,2,no,southwest,11163.57
19,male,25.56,0,no,northwest,1632.56
20,female,28.79,0,no,northeast,2457.21
22,female,28.05,0,no,southeast,2155.68
19,male,34.1,0,no,southwest,1261.44
22,male,25.18,0,no,northwest,2045.69
54,female,31.9,3,no,southeast,27322.73
22,female,36.0,0,no,southwest,2166.73
34,male,22.42,2,no,northeast,27375.9
26,male,32.49,1,no,northeast,3490.55
34,male,25.3,2,yes,southeast,18972.5
29,male,29.74,2,no,northwest,18157.88
30,male,28.69,3,yes,northwest,20745.99
29,female,38.83,3,no,southeast,5138.26
46,male,30.5,3,yes,northwest,40720.55
51,female,37.73,1,no,southeast,9877.61
53,female,37.43,1,no,northwest,10959.69
19,male,28.4,1,no,southwest,1842.52
35,male,24.13,1,no,northwest,5125.22
48,male,29.7,0,no,southeast,7789.64
32,female,37.15,3,no,northeast,6334.34
42,female,23.37,0,yes,northeast,19964.75
40,female,25.46,1,no,northeast,7077.19
44,male,39.52,0,no,northwest,6948.7
48,male,24.42,0,yes,southeast,21223.68
18,male,25.18,0,yes,northeast,15518.18
30,male,35.53,0,yes,southeast,36950.26
50,female,27.83,3,no,southeast,19749.38
42,female,26.6,0,yes,northwest,21348.71
18,female,36.85,0,yes,southeast,36149.48
54,male,39.6,1,no,southwest,10450.55
32,female,29.8,2,no,southwest,5152.13
37,male,29.64,0,no,northwest,5028.15
47,male,28.22,4,no,northeast,10407.09
20,female,37.0,5,no,southwest,4830.63
32,female,33.16,3,no,northwest,6128.8
19,female,31.83,1,no,northwest,2719.28
27,male,18.91,3,no,northeast,4827.9
49,male,30.3,0,no,southwest,8116.68
18,male,15.96,0,no,northeast,1694.8
35,female,34.8,1,no,southwest,5246.05
24,female,33.35,0,no,northwest,2855.44
63,female,37.7,0,yes,southwest,48824.45
38,male,27.84,2,no,northwest,6455.86
54,male,29.2,1,no,southwest,10436.1
46,female,28.9,2,no,southwest,8823.28
41,female,33.16,3,no,northeast,8538.29
58,male,28.6,0,no,northwest,11735.88
18,female,38.28,0,no,southeast,1631.82
22,male,19.95,3,no,northeast,4005.42
44,female,26.41,0,no,northwest,7419.48
44,male,30.69,2,no,southeast,7731.43
26,female,29.92,2,no,southeast,3981.98
30,female,30.9,3,no,southwest,5325.65
41,female,32.2,1,no,southwest,6775.96
29,female,32.11,2,no,northwest,4922.92
61,male,31.57,0,no,southeast,12557.61
36,female,26.2,0,no,southwest,4883.87
25,male,25.74,0,no,southeast,2137.65
56,female,26.6,1,no,northwest,12044.34
18,male,34.43,0,no,southeast,1137.47
19,male,30.59,0,no,northwest,1639.56
39,female,32.8,0,no,southwest,5649.72
45,female,28.6,2,no,southeast,8516.83
51,female,18.05,0,no,northwest,9644.25
64,female,39.33,0,no,northeast,14901.52
19,female,32.11,0,no,northwest,2130.68
48,female,32.23,1,no,southeast,8871.15
60,female,24.04,0,no,northwest,13012.21
27,female,36.08,0,yes,southeast,37133.9
46,male,22.3,0,no,southwest,7147.11
28,female,28.88,1,no,northeast,4337.74
59,male,26.4,0,no,southeast,11743.3
35,male,27.74,2,yes,northeast,20984.09
63,female,31.8,0,no,southwest,13880.95
20,male,33.0,1,no,southwest,1980.07
40,male,30.88,4,no,northwest,8162.72
24,male,28.5,2,no,northwest,3537.7
34,female,26.73,1,no,southeast,5002.78
45,female,30.9,2,no,southwest,8520.03
41,female,37.1,2,no,southwest,7371.77
53,female,26.6,0,no,northwest,10355.64
27,male,23.1,0,no,southeast,2483.74
26,female,29.92,1,no,southeast,3392.98
24,female,23.21,0,no,southeast,25081.77
34,female,33.7,1,no,southwest,5012.47
53,female,33.25,0,no,northeast,10564.88
32,male,30.8,3,no,southwest,5253.52
19,male,34.8,0,yes,southwest,34779.62
42,male,24.64,0,yes,southeast,19515.54
55,male,33.88,3,no,southeast,11987.17
28,male,38.06,0,no,southeast,2689.5
41,female,31.64,1,no,northeast,7358.18
47,male,25.46,2,no,northeast,9225.26
42,female,36.2,1,no,northwest,7443.64
59,female,27.83,3,no,southeast,14001.29
19,female,17.8,0,no,southwest,1727.79
59,male,27.5,1,no,southwest,12333.83
39,male,24.51,2,no,northwest,6710.19
40,female,22.22,2,yes,southeast,19444.27
18,female,26.73,0,no,southeast,1615.77
31,male,38.39,2,no,southeast,4463.21
19,male,29.07,0,yes,northwest,17352.68
44,male,38.06,1,no,southeast,7152.67
23,female,36.67,2,yes,northeast,38511.63
33,female,22.14,1,no,northeast,5354.07
55,female,26.8,1,no,southwest,35160.13
40,male,35.3,3,no,southwest,7196.87
63,female,27.74,0,yes,northeast,29523.17
54,male,30.02,0,no,northwest,24476.48
60,female,38.06,0,no,southeast,12648.7
24,male,35.86,0,no,southeast,1986.93
19,male,20.9,1,no,southwest,1832.09
29,male,28.98,1,no,northeast,4040.56
18,male,17.29,2,yes,northeast,12829.46
63,female,32.2,2,yes,southwest,47305.31
54,male,34.21,2,yes,southeast,44260.75
27,male,30.3,3,no,southwest,4260.74
50,male,31.83,0,yes,northeast,41097.16
55,female,25.37,3,no,northeast,13047.33
56,male,33.63,0,yes,northwest,43921.18
51,male,24.42,4,no,northwest,11520.1
19,male,31.92,0,yes,northwest,33750.29
58,female,25.2,0,no,southwest,11837.16
20,female,26.84,1,yes,southeast,17085.27
52,male,24.32,3,yes,northeast,24869.84
19,male,36.96,0,yes,northwest,36219.41
53,female,38.06,3,no,southeast,20463.0
40,male,19.8,1,yes,southeast,17179.52
59,female,32.4,3,no,northeast,14590.63
45,male,30.2,1,no,southwest,7441.05
49,male,25.84,1,no,northeast,9282.48
18,male,29.37,1,no,southeast,1719.44
50,male,34.2,2,yes,southwest,42856.84
41,male,37.05,2,no,northwest,7265.7
50,male,27.46,1,no,northeast,9617.66
25,male,27.55,0,no,northwest,2523.17
47,female,26.6,2,no,northeast,9715.84
19,male,20.62,2,no,northwest,2803.7
22,female,24.3,0,no,southwest,2150.47
59,male,31.79,2,no,southeast,12928.79
51,female,21.56,1,no,southeast,9855.13
40,female,28.12,1,yes,northeast,22331.57
30,male,27.65,1,no,northeast,4237.13
55,female,32.4,1,no,northeast,11879.1
52,female,31.2,0,no,southwest,9625.92
46,male,26.62,1,no,southeast,7742.11
63,female,26.22,0,no,northwest,14256.19
59,female,36.77,1,yes,northeast,47896.79
52,male,26.4,3,no,southeast,25992.82
28,female,33.4,0,no,southwest,3172.02
29,male,29.64,1,no,northeast,20277.81
22,female,28.82,0,no,southeast,2156.75
25,male,26.8,3,no,southwest,3906.13
18,male,22.99,0,no,northeast,1704.57
19,male,27.7,0,yes,southwest,16297.85
47,male,25.41,1,yes,southeast,21978.68
31,male,34.39,3,yes,northwest,38746.36
48,female,28.88,1,no,northwest,9249.5
36,male,27.55,3,no,northeast,6746.74
53,female,22.61,3,yes,northeast,24873.38
56,female,37.51,2,no,southeast,12265.51
28,female,33.0,2,no,southeast,4349.46
57,female,38.0,2,no,southwest,12646.21
29,male,33.35,2,no,northwest,19442.35
28,female,27.5,2,no,southwest,20177.67
30,female,33.33,1,no,southeast,4151.03
58,male,34.87,0,no,northeast,11944.59
41,female,33.06,2,no,northwest,7749.16
50,male,26.6,0,no,southwest,8444.47
19,female,24.7,0,no,southwest,1737.38
43,male,35.97,3,yes,southeast,42124.52
49,male,35.86,0,no,southeast,8124.41
27,female,31.4,0,yes,southwest,34838.87
52,male,33.25,0,no,northeast,9722.77
50,male,32.21,0,no,northwest,8835.26
54,male,32.78,0,no,northeast,10435.07
44,female,27.65,0,no,northwest,7421.19
32,male,37.34,1,no,northeast,4667.61
34,male,25.27,1,no,northwest,4894.75
26,female,29.64,4,no,northeast,24671.66
34,male,30.8,0,yes,southwest,35491.64
29,male,27.2,0,no,southwest,2866.09
40,male,34.11,1,no,northeast,6600.21
27,female,23.21,1,no,southeast,3561.89
45,male,36.48,2,yes,northwest,42760.5
64,female,33.8,1,yes,southwest,47928.03
52,male,36.7,0,no,southwest,9144.57
61,female,36.39,1,yes,northeast,48517.56
52,male,27.36,0,yes,northwest,24393.62
61,female,31.16,0,no,northwest,13429.04
56,female,28.79,0,no,northeast,11658.38
43,female,35.72,2,no,northeast,19144.58
64,male,34.5,0,no,southwest,13822.8
60,male,25.74,0,no,southeast,12142.58
62,male,27.55,1,no,northwest,13937.67
50,male,32.3,1,yes,northeast,41919.1
46,female,27.72,1,no,southeast,8232.64
24,female,27.6,0,no,southwest,18955.22
62,male,30.02,0,no,northwest,13352.1
60,female,27.55,0,no,northeast,13217.09
63,male,36.77,0,no,northeast,13981.85
34,female,29.26,3,no,southeast,6184.3
33,male,35.75,2,no,southeast,4890.0
46,male,33.35,1,no,northeast,8334.46
36,female,29.92,1,no,southeast,5478.04
19,male,27.84,0,no,northwest,1635.73
57,female,23.18,0,no,northwest,11830.61
50,female,25.6,0,no,southwest,8932.08
30,female,27.7,0,no,southwest,3554.2
33,male,35.25,0,no,northeast,12404.88
18,female,38.28,0,no,southeast,14133.04
46,male,27.6,0,no,southwest,24603.05
47,male,29.83,3,no,northwest,9620.33
18,female,20.79,0,no,southeast,1607.51
48,female,32.3,2,no,northeast,10043.25
35,male,30.5,1,no,southwest,4751.07
19,female,21.7,0,yes,southwest,13844.51
21,female,26.4,1,no,southwest,2597.78
21,female,21.89,2,no,southeast,3180.51
49,female,30.78,1,no,northeast,9778.35
56,female,32.3,3,no,northeast,13430.27
42,female,24.99,2,no,northwest,8017.06
44,male,32.02,2,no,northwest,8116.27
18,male,30.4,3,no,northeast,3481.87
61,female,21.09,0,no,northwest,13415.04
57,female,22.23,0,no,northeast,12029.29
42,female,33.16,1,no,northeast,7639.42
26,male,32.9,2,yes,southwest,36085.22
20,male,33.33,0,no,southeast,1391.53
23,female,28.31,0,yes,northwest,18033.97
39,female,24.89,3,yes,northeast,21659.93
64,female,30.12,3,no,northwest,16455.71
62,male,31.46,1,no,southeast,27000.98
27,female,17.96,2,yes,northeast,15006.58
55,male,30.69,0,yes,northeast,42303.69
55,male,33.0,0,no,southeast,20781.49
44,male,22.14,2,no,northeast,8302.54
19,male,34.4,0,no,southwest,1261.86
58,female,39.05,0,no,southeast,11856.41
50,male,25.37,2,no,northwest,30284.64
26,female,22.61,0,no,northwest,3176.82
24,female,30.21,3,no,northwest,4618.08
48,male,35.63,4,no,northeast,10736.87
19,female,37.43,0,no,northwest,2138.07
48,male,31.45,1,no,northeast,8964.06
49,male,31.35,1,no,northeast,9290.14
46,female,32.3,2,no,northeast,9411.01
46,male,19.86,0,no,northwest,7526.71
43,female,34.4,3,no,southwest,8522.0
21,male,31.02,0,no,southeast,16586.5
64,male,25.6,2,no,southwest,14988.43
18,female,38.17,0,no,southeast,1631.67
51,female,20.6,0,no,southwest,9264.8
64,female,32.97,0,no,northwest,14692.67
49,male,32.3,3,no,northwest,10269.46
31,male,20.4,0,no,southwest,3260.2
52,female,38.38,2,no,northeast,11396.9
33,female,24.31,0,no,southeast,4185.1
47,female,23.6,1,no,southwest,8539.67
38,male,21.12,3,no,southeast,6652.53
32,male,30.03,1,no,southeast,4074.45
19,male,17.48,0,no,northwest,1621.34
44,female,20.24,1,yes,northeast,19594.81
26,female,17.2,2,yes,northeast,14455.64
25,male,23.9,5,no,southwest,5080.1
19,female,35.15,0,no,northwest,2134.9
43,female,35.64,1,no,southeast,7345.73
52,male,34.1,0,no,southeast,9140.95
36,female,22.6,2,yes,southwest,18608.26
64,male,39.16,1,no,southeast,14418.28
63,female,26.98,0,yes,northwest,28950.47
64,male,33.88,0,yes,southeast,46889.26
61,male,35.86,0,yes,southeast,46599.11
40,male,32.78,1,yes,northeast,39125.33
25,male,30.59,0,no,northeast,2727.4
48,male,30.2,2,no,southwest,8968.33
45,male,24.31,5,no,southeast,9788.87
38,female,27.27,1,no,northeast,6555.07
18,female,29.17,0,no,northeast,7323.73
21,female,16.82,1,no,northeast,3167.46
27,female,30.4,3,no,northwest,18804.75
19,male,33.1,0,no,southwest,23082.96
29,female,20.24,2,no,northwest,4906.41
42,male,26.9,0,no,southwest,5969.72
60,female,30.5,0,no,southwest,12638.2
31,male,28.6,1,no,northwest,4243.59
60,male,33.11,3,no,southeast,13919.82
22,male,31.73,0,no,northeast,2254.8
35,male,28.9,3,no,southwest,5926.85
26,male,29.45,0,no,northeast,2897.32
31,female,32.68,1,no,northwest,4738.27
33,female,33.5,0,yes,southwest,37079.37
59,female,36.52,1,no,southeast,28287.9
56,male,26.7,1,yes,northwest,26109.33
45,female,33.1,0,no,southwest,7345.08
60,male,29.64,0,no,northeast,12731.0
56,female,25.65,0,no,northwest,11454.02
40,female,29.6,0,no,southwest,5910.94
35,male,38.6,1,no,southwest,4762.33
39,male,29.6,4,no,southwest,7512.27
30,male,24.13,1,no,northwest,4032.24
24,male,23.4,0,no,southwest,1969.61
20,male,29.74,0,no,northwest,1769.53
59,male,37.4,0,no,southwest,21797.0
55,female,30.14,2,no,southeast,11881.97
57,female,30.5,0,no,northwest,11840.78
56,male,39.6,0,no,southwest,10601.41
40,female,33.0,3,no,southeast,7682.67
49,female,36.63,3,no,southeast,10381.48
42,male,30.0,0,yes,southwest,22144.03
62,female,38.1,2,no,northeast,15230.32
56,male,25.94,0,no,northeast,11165.42
19,male,25.18,0,no,northwest,1632.04
30,female,28.38,1,yes,southeast,19521.97
60,female,28.7,1,no,southwest,13224.69
56,female,33.82,2,no,northwest,12643.38
28,female,24.32,1,no,northeast,23288.93
18,female,24.09,1,no,southeast,2201.1
27,male,32.67,0,no,southeast,2497.04
18,female,30.12,0,no,northeast,2203.47
19,female,29.8,0,no,southwest,1744.47
47,female,33.35,0,no,northeast,20878.78
54,male,25.1,3,yes,southwest,25382.3
61,male,28.31,1,yes,northwest,28868.66
24,male,28.5,0,yes,northeast,35147.53
25,male,35.63,0,no,northwest,2534.39
21,male,36.85,0,no,southeast,1534.3
23,male,32.56,0,no,southeast,1824.29
49,male,37.51,2,no,southeast,9304.7
18,female,31.35,0,no,southeast,1622.19
51,female,39.5,1,no,southwest,9880.07
48,male,34.3,3,no,southwest,9563.03
31,female,31.07,0,no,northeast,4347.02
54,female,21.47,3,no,northwest,12475.35
19,male,28.7,0,no,southwest,1253.94
44,female,38.06,0,yes,southeast,48885.14
53,male,31.16,1,no,northwest,10461.98
19,female,32.9,0,no,southwest,1748.77
61,female,25.08,0,no,southeast,24513.09
18,female,25.08,0,no,northeast,2196.47
21,male,25.7,4,yes,southwest,17942.11
20,male,27.93,0,no,northeast,1967.02
31,female,23.6,2,no,southwest,4931.65
45,male,28.7,2,no,southwest,8027.97
44,female,23.98,2,no,southeast,8211.1
62,female,39.2,0,no,southwest,13470.86
29,male,34.4,0,yes,southwest,36197.7
43,male,26.03,0,no,northeast,6837.37
51,male,23.21,1,yes,southeast,22218.11
19,male,30.25,0,yes,southeast,32548.34
38,female,28.93,1,no,southeast,5974.38
37,male,30.88,3,no,northwest,6796.86
22,male,31.35,1,no,northwest,2643.27
21,male,23.75,2,no,northwest,3077.1
24,female,25.27,0,no,northeast,3044.21
57,female,28.7,0,no,southwest,11455.28
56,male,32.11,1,no,northeast,11763.0
27,male,33.66,0,no,southeast,2498.41
51,male,22.42,0,no,northeast,9361.33
19,male,30.4,0,no,southwest,1256.3
39,male,28.3,1,yes,southwest,21082.16
58,male,35.7,0,no,southwest,11362.76
20,male,35.31,1,no,southeast,27724.29
45,male,30.5,2,no,northwest,8413.46
35,female,31.0,1,no,southwest,5240.77
31,male,30.88,0,no,northeast,3857.76
50,female,27.36,0,no,northeast,25656.58
51,female,33.92,0,no,northeast,9866.3
38,female,37.73,0,no,southeast,5397.62
42,male,26.07,1,yes,southeast,38245.59
18,female,33.88,0,no,southeast,11482.63
19,female,30.59,2,no,northwest,24059.68
51,female,25.8,1,no,southwest,9861.03
46,male,39.43,1,no,northeast,8342.91
18,male,25.46,0,no,northeast,1708.0
62,female,31.73,0,no,northeast,14043.48
59,male,29.7,2,no,southeast,12925.89
37,male,36.19,0,no,southeast,19214.71
38,male,28.03,1,no,northeast,6067.13
33,female,38.9,3,no,southwest,5972.38
46,female,30.2,2,no,southwest,8825.09
46,female,28.05,1,no,southeast,8233.1
53,male,31.35,0,no,southeast,27346.04
34,female,38.0,3,no,southwest,6196.45
20,female,31.79,2,no,southeast,3056.39
63,female,36.3,0,no,southeast,13887.2
54,male,30.21,0,no,northwest,10231.5
49,male,25.84,2,yes,northwest,23807.24
28,male,35.44,0,no,northeast,3268.85
25,female,28.6,0,no,northeast,3213.62
63,male,30.8,0,no,southwest,13390.56
32,female,28.93,0,no,southeast,3972.92
62,male,21.4,0,no,southwest,12957.12
52,female,31.73,2,no,northwest,11187.66
28,male,23.8,2,no,southwest,3847.67
46,male,33.44,1,no,northeast,8334.59
34,male,34.21,0,no,southeast,3935.18
35,female,34.11,3,yes,northwest,39983.43
19,male,35.53,0,no,northwest,1646.43
46,female,19.95,2,no,northwest,9193.84
54,female,32.68,0,no,northeast,10923.93
27,male,30.5,0,no,southwest,2494.02
18,female,32.12,2,no,southeast,2801.26
19,female,30.5,0,no,northwest,2128.43
41,male,30.59,2,no,northwest,7256.72
49,female,31.9,5,no,southwest,11552.9
31,female,29.1,0,no,southwest,3761.29
18,female,37.29,1,no,southeast,2219.45
62,female,36.86,1,no,northeast,31620.0
57,female,34.3,2,no,northeast,13224.06
58,female,27.17,0,no,northwest,12222.9
22,male,26.84,0,no,southeast,1665.0
31,female,38.1,1,yes,northeast,58571.07
52,male,30.2,1,no,southwest,9724.53
25,female,23.47,0,no,northeast,3206.49
59,male,25.46,1,no,northeast,12913.99
19,male,30.59,0,no,northwest,1639.56
32,female,23.65,1,no,southeast,17626.24
19,male,20.7,0,no,southwest,1242.82
33,female,28.27,1,no,southeast,4779.6
21,male,20.24,3,no,northeast,3861.21
34,female,30.21,1,yes,northwest,43943.88
61,female,35.91,0,no,northeast,13635.64
38,female,30.69,1,no,southeast,5976.83
58,female,29.0,0,no,southwest,11842.44
47,male,19.57,1,no,northwest,8428.07
20,male,31.13,2,no,southeast,2566.47
21,female,21.85,1,yes,northeast,15359.1
46,female,33.73,1,no,northeast,8823.99
42,female,29.48,2,no,southeast,7640.31
34,female,33.25,1,no,northeast,5594.85
43,male,32.6,2,no,southwest,7441.5
52,female,37.53,2,no,northwest,33471.97
18,female,39.16,0,no,southeast,1633.04
51,male,31.64,0,no,northwest,9174.14
56,female,25.3,0,no,southwest,11070.54
64,female,39.05,3,no,southeast,16085.13
19,female,28.31,0,yes,northwest,17468.98
51,female,34.1,0,no,southeast,9283.56
27,female,25.18,0,no,northeast,3558.62
59,female,23.66,0,yes,northwest,25678.78
28,male,26.98,2,no,northeast,4435.09
30,male,37.8,2,yes,southwest,39241.44
47,female,29.37,1,no,southeast,8547.69
38,female,34.8,2,no,southwest,6571.54
18,female,33.16,0,no,northeast,2207.7
34,female,19.0,3,no,northeast,6753.04
20,female,33.0,0,no,southeast,1880.07
47,female,36.63,1,yes,southeast,42969.85
56,female,28.6,0,no,northeast,11658.12
49,male,25.6,2,yes,southwest,23306.55
19,female,33.11,0,yes,southeast,34439.86
55,female,37.1,0,no,southwest,10713.64
30,male,31.4,1,no,southwest,3659.35
37,male,34.1,4,yes,southwest,40182.25
49,female,21.3,1,no,southwest,9182.17
18,male,33.54,0,yes,northeast,34617.84
59,male,28.79,0,no,northwest,12129.61
29,female,26.03,0,no,northwest,3736.46
36,male,28.88,3,no,northeast,6748.59
58,male,38.0,0,no,southwest,11365.95
44,female,38.95,0,yes,northwest,42983.46
53,male,36.1,1,no,southwest,10085.85
24,male,29.3,0,no,southwest,1977.82
29,female,35.53,0,no,southeast,3366.67
40,male,22.71,2,no,northeast,7173.36
51,male,39.7,1,no,southwest,9391.35
64,male,38.19,0,no,northeast,14410.93
19,female,24.51,1,no,northwest,2709.11
35,female,38.1,2,no,northeast,24915.05
39,male,26.41,0,yes,northeast,20149.32
56,male,33.66,4,no,southeast,12949.16
42,male,28.31,3,yes,northwest,32787.46
61,male,33.92,0,no,northeast,13143.86
23,female,34.96,3,no,northwest,4466.62
43,male,35.31,2,no,southeast,18806.15
48,male,30.78,3,no,northeast,10141.14
39,male,26.22,1,no,northwest,6123.57
40,female,23.37,3,no,northeast,8252.28
18,male,28.5,0,no,northeast,1712.23
58,female,32.97,0,no,northeast,12430.95
53,female,39.6,1,no,southeast,10579.71
48,female,31.13,0,no,southeast,8280.62
45,female,36.3,2,no,southeast,8527.53
59,female,35.2,0,no,southeast,12244.53
52,female,25.3,2,yes,southeast,24667.42
27,male,33.16,2,no,northwest,4058.71
48,female,35.91,1,no,northeast,26392.26
57,female,28.79,4,no,northeast,14394.4
57,female,23.98,1,no,southeast,22192.44
32,female,31.54,1,no,northeast,5148.55
18,male,33.66,0,no,southeast,1136.4
64,female,22.99,0,yes,southeast,27037.91
43,male,38.06,2,yes,southeast,42560.43
49,male,28.7,1,no,southwest,8703.46
40,female,32.78,2,yes,northwest,40003.33
62,male,32.02,0,yes,northeast,45710.21
33,female,32.9,2,no,southwest,5375.038
59,female,32.1,3,no,southwest,14007.222
29,male,35.5,2,yes,southwest,44585.45587
31,female,26.62,0,no,southeast,3757.8448
18,male,38.17,0,yes,southeast,36307.7983
38,female,19.475,2,no,northwest,6933.24225
41,male,34.2,2,no,northwest,7261.741
21,male,36.86,0,no,northwest,1917.3184
39,female,31.92,2,no,northwest,7209.4918
56,male,31.79,2,yes,southeast,43813.8661
32,female,24.6,0,yes,southwest,17496.306
44,female,27.5,1,no,southwest,7626.993
19,female,23.4,2,no,southwest,2913.569
18,male,26.18,2,no,southeast,2304.0022
62,male,39.93,0,no,southeast,12982.8747
31,male,25.9,3,yes,southwest,19199.944
27,female,30.59,1,no,northeast,16796.41194
38,female,27.835,2,no,northeast,7144.86265
19,female,24.605,1,no,northwest,2709.24395
26,female,34.2,2,no,southwest,3987.926
35,female,28.025,0,yes,northwest,20234.85475
57,male,27.94,1,no,southeast,11554.2236
37,male,37.07,1,yes,southeast,39871.7043
32,male,27.835,1,no,northwest,4454.40265
56,male,22.1,0,no,southwest,10577.087
22,female,30.4,0,yes,northwest,33907.548
37,male,29.8,0,no,southwest,20420.60465
49,female,29.925,0,no,northwest,8988.15875
50,female,26.22,2,no,northwest,10493.9458
25,male,33.33,2,yes,southeast,36124.5737
27,female,32.395,1,no,northeast,18903.49141
50,male,37.07,1,no,southeast,9048.0273
37,female,34.105,1,no,northwest,6112.35295
29,female,31.16,0,no,northeast,3943.5954
24,female,22.6,0,no,southwest,2457.502
49,female,22.61,1,no,northwest,9566.9909
50,female,27.075,1,no,northeast,10106.13425
41,male,28.405,1,no,northwest,6664.68595
41,female,36.08,1,no,southeast,6781.3542
26,male,23.7,2,no,southwest,3484.331
45,male,24.035,2,no,northeast,8604.48365
37,female,26.4,0,yes,southeast,19539.243
30,male,37.43,3,no,northeast,5428.7277
33,male,27.1,1,yes,southwest,19040.876
51,male,35.97,1,no,southeast,9386.1613
64,female,31.825,2,no,northeast,16069.08475
55,male,32.775,0,no,northwest,10601.63225
26,male,27.265,3,no,northeast,4661.28635
60,female,35.1,0,no,southwest,12644.589
18,male,31.73,0,yes,northeast,33732.6867
32,male,37.18,2,no,southeast,4673.3922
46,male,24.795,3,no,northeast,9500.57305
34,male,21.375,0,no,northeast,4500.33925
44,female,25.8,1,no,southwest,7624.63
36,female,26.885,0,no,northwest,5267.81815
54,female,35.815,3,no,northwest,12495.29085
21,female,32.68,2,no,northwest,26018.95052
54,male,31.6,0,no,southwest,9850.432
61,male,38.38,0,no,northwest,12950.0712
54,female,23.0,3,no,southwest,12094.478
42,female,25.3,1,no,southwest,7045.499
47,female,32.0,1,no,southwest,8551.347
62,female,30.495,2,no,northwest,15019.76005
57,male,31.54,0,no,northwest,11353.2276
21,male,27.36,0,no,northeast,2104.1134
20,male,32.395,1,no,northwest,2362.22905
62,male,37.4,0,no,southwest,12979.358
27,male,29.15,0,yes,southeast,18246.4955
53,male,34.105,0,yes,northeast,43254.41795
64,female,39.7,0,no,southwest,14319.031
53,male,28.88,0,no,northwest,9869.8102
64,female,35.97,0,no,southeast,14313.8463
61,male,32.3,2,no,northwest,14119.62
57,male,33.63,1,no,northwest,11945.1327
26,female,29.355,2,no,northeast,4564.19145
59,female,26.695,3,no,northwest,14382.70905
35,female,34.21,1,no,southeast,5245.2269
46,male,25.8,5,no,southwest,10096.97
18,male,23.21,0,no,southeast,1121.8739
49,male,29.83,1,no,northeast,9288.0267
47,male,29.8,3,yes,southwest,25309.489
24,male,32.01,0,no,southeast,1981.5819
63,male,21.66,1,no,northwest,14349.8544
28,male,31.68,0,yes,southeast,34672.1472
28,female,26.315,3,no,northwest,5312.16985
43,female,34.58,1,no,northwest,7727.2532
53,female,32.3,2,no,northeast,29186.48236
30,female,39.05,3,yes,southeast,40932.4295
23,male,31.73,3,yes,northeast,36189.1017
47,female,36.0,1,no,southwest,8556.907
31,male,27.645,2,no,northeast,5031.26955
50,female,27.6,1,yes,southwest,24520.264
33,male,24.795,0,yes,northeast,17904.52705
36,male,28.025,1,yes,northeast,20773.62775
57,female,29.81,0,yes,southeast,27533.9129
22,male,34.8,3,no,southwest,3443.064
32,male,28.93,1,yes,southeast,19719.6947
36,female,30.02,0,no,northwest,5272.1758
36,female,29.04,4,no,southeast,7243.8136
34,male,27.835,1,yes,northwest,20009.63365
19,female,39.615,1,no,northwest,2730.10785
63,female,35.2,1,no,southeast,14474.675
35,male,27.1,1,no,southwest,4746.344
26,male,29.15,1,no,southeast,2902.9065
27,female,20.045,3,yes,northwest,16420.49455
39,female,23.275,3,no,northeast,7986.47525
39,female,34.1,3,no,southwest,7418.522
48,female,22.8,0,no,southwest,8269.044
46,female,23.655,1,yes,northwest,21677.28345
49,male,30.9,0,yes,southwest,39727.614
64,male,26.41,0,no,northeast,14394.5579
32,female,29.59,1,no,southeast,4562.8421
54,female,31.24,0,no,southeast,10338.9316
26,female,22.23,0,no,northwest,3176.2877
33,male,30.25,0,no,southeast,3704.3545
52,female,24.86,0,no,southeast,27117.99378
39,male,32.34,2,no,southeast,6338.0756
18,female,28.215,0,no,northeast,2200.83085
47,female,24.1,1,no,southwest,26236.57997
47,female,29.545,1,no,northwest,8930.93455
58,female,33.44,0,no,northwest,12231.6136
53,male,36.6,3,no,southwest,11264.541
19,male,35.4,0,no,southwest,1263.249
24,female,30.1,3,no,southwest,4234.927
50,female,30.115,1,no,northwest,9910.35985
39,female,22.8,3,no,northeast,7985.815
47,female,27.83,0,yes,southeast,23065.4207
22,female,23.18,0,no,northeast,2731.9122
59,female,31.35,0,no,northwest,12622.1795
33,male,33.44,5,no,southeast,6653.7886
64,female,26.885,0,yes,northwest,29330.98315
50,male,32.11,2,no,northeast,25333.33284
57,male,18.335,0,no,northeast,11534.87265
63,female,36.85,0,no,southeast,13887.9685
38,female,27.6,0,no,southwest,5383.536
59,male,25.46,0,no,northwest,12124.9924
21,female,34.6,0,no,southwest,2020.177
24,female,39.49,0,no,southeast,2480.9791
60,female,18.335,0,no,northeast,13204.28565
18,female,31.35,4,no,northeast,4561.1885
55,male,32.67,1,no,southeast,10807.4863
63,female,25.08,0,no,northwest,14254.6082
52,female,18.335,0,no,northwest,9991.03765
42,male,34.1,0,no,southwest,5979.731
53,male,24.32,0,no,northwest,9863.4718
42,male,26.125,2,no,northeast,7729.64575
34,male,27.0,2,no,southwest,11737.84884
23,male,35.2,1,no,southwest,2416.955
61,male,36.1,3,no,southwest,27941.28758
31,female,29.26,1,no,southeast,4350.5144
53,male,20.9,0,yes,southeast,21195.818
40,male,29.9,2,no,southwest,6600.361
26,female,29.48,1,no,southeast,3392.3652
42,male,24.86,0,no,southeast,5966.8874
49,male,22.515,0,no,northeast,8688.85885
27,male,32.585,3,no,northeast,4846.92015
43,male,34.96,1,yes,northeast,41034.2214
36,female,29.92,0,no,southeast,4889.0368
38,male,28.27,1,no,southeast,5484.4673
29,male,31.73,2,no,northwest,4433.3877
22,male,28.88,0,no,northeast,2250.8352
54,female,31.9,1,no,southeast,10928.849
52,female,30.875,0,no,northeast,23045.56616
48,female,25.85,3,yes,southeast,24180.9335
23,female,31.4,0,yes,southwest,34166.273
20,female,31.92,0,no,northwest,2261.5688
53,male,26.41,2,no,northeast,11244.3769
31,female,30.495,3,no,northeast,6113.23105
50,male,26.41,0,no,northwest,8827.2099
30,female,22.895,1,no,northeast,4719.52405
24,female,24.225,0,no,northwest,2842.76075
33,female,35.53,0,yes,northwest,55135.40209
60,male,24.32,0,no,northwest,12523.6048
36,male,31.5,0,no,southwest,4402.233
59,male,24.7,0,no,northeast,12323.936
53,male,30.495,0,no,northeast,10072.05505
27,female,24.1,0,no,southwest,2974.126
49,male,36.85,0,no,southeast,8125.7845
57,female,20.1,1,no,southwest,12032.326
56,female,35.8,1,no,southwest,11674.13
24,female,20.52,0,yes,northeast,14571.8908
28,male,29.26,2,no,northeast,4438.2634
22,female,31.02,3,yes,southeast,35595.5898
37,female,17.29,2,no,northeast,6877.9801
45,female,31.79,0,no,southeast,17929.30337
55,female,29.83,0,no,northeast,11286.5387
55,male,29.9,0,no,southwest,10214.636
52,male,32.775,3,no,northwest,11289.10925
18,female,30.305,0,no,northeast,2203.73595
35,female,26.125,0,no,northeast,5227.98875
32,male,35.2,2,no,southwest,4670.64
19,male,20.3,0,no,southwest,1242.26
47,male,36.2,1,no,southwest,8068.185
51,female,38.06,0,yes,southeast,44400.4064
36,female,27.74,0,no,northeast,5469.0066
35,male,24.42,3,yes,southeast,19361.9988
60,male,36.955,0,no,northeast,12741.16745
46,female,30.8,3,no,southwest,9414.92
47,female,26.125,1,yes,northeast,23401.30575
63,male,33.1,0,no,southwest,13393.756
28,female,23.845,2,no,northwest,4719.73655
36,male,33.82,1,no,northwest,5377.4578
44,male,21.85,3,no,northeast,8891.1395
51,female,37.05,3,yes,northeast,46255.1125
25,male,26.695,4,no,northwest,4877.98105
57,male,28.975,0,yes,northeast,27218.43725
19,female,22.515,0,no,northwest,2117.33885
44,male,30.2,2,yes,southwest,38998.546
29,male,22.895,0,yes,northeast,16138.76205
43,male,30.115,3,no,northwest,8410.04685
34,male,34.675,0,no,northeast,4518.82625
47,male,28.215,3,yes,northwest,24915.22085
51,male,37.0,0,no,southwest,8798.593
44,female,36.955,1,no,northwest,8023.13545
51,female,34.96,2,yes,northeast,44641.1974
46,male,38.17,2,no,southeast,8347.1643
35,female,35.86,2,no,southeast,5836.5204
50,female,28.12,3,no,northwest,11085.5868
44,female,25.0,1,no,southwest,7623.518
50,male,32.3,2,no,southwest,9630.397
55,male,21.5,1,no,southwest,10791.96
45,male,21.375,0,no,northwest,7222.78625
21,female,34.87,0,no,southeast,2020.5523
34,female,26.41,1,no,northwest,5385.3379
29,female,21.755,1,yes,northeast,16657.71745
53,male,21.4,1,no,southwest,10065.413
49,female,34.77,1,no,northwest,9583.8933
45,female,25.175,2,no,northeast,9095.06825
18,male,30.14,0,no,southeast,1131.5066
54,male,21.01,2,no,southeast,11013.7119
44,female,29.81,2,no,southeast,8219.2039
21,male,31.1,0,no,southwest,1526.312
21,female,22.135,0,no,northeast,2585.85065
33,male,24.605,2,no,northwest,5257.50795
61,female,28.2,0,no,southwest,13041.921
39,female,32.5,1,no,southwest,6238.298
30,female,27.93,0,no,northeast,4137.5227
22,male,37.07,2,yes,southeast,37484.4493
45,female,30.495,1,yes,northwest,39725.51805
20,male,30.685,0,yes,northeast,33475.81715
55,male,28.975,0,no,northeast,10796.35025
29,male,38.94,1,no,southeast,3471.4096
34,male,32.8,1,no,southwest,14358.36437
58,female,36.48,0,no,northwest,12235.8392
35,female,35.815,1,no,northwest,5630.45785
23,female,23.18,2,no,northwest,14426.07385
36,male,29.7,0,no,southeast,4399.731
24,male,23.655,0,no,northwest,2352.96845
21,male,28.975,0,no,northwest,1906.35825
27,male,26.03,0,no,northeast,3070.8087
19,male,27.6,0,no,southwest,1252.407
42,female,26.18,1,no,southeast,7046.7222
21,male,22.3,1,no,southwest,2103.08
23,male,37.1,3,no,southwest,3597.596
36,female,25.84,0,no,northwest,5266.3656
20,female,29.6,0,no,southwest,1875.344
36,female,19.855,0,no,northeast,5458.04645
61,male,23.655,0,no,northeast,13129.60345
25,female,24.3,3,no,southwest,4391.652
43,male,30.1,1,no,southwest,6849.026
41,male,28.8,1,no,southwest,6282.235
54,male,24.035,0,no,northeast,10422.91665
44,female,32.34,1,no,southeast,7633.7206
19,male,22.61,0,no,northwest,1628.4709
24,male,26.79,1,no,northwest,12609.88702
34,female,23.56,0,no,northeast,4992.3764
22,male,33.77,0,no,southeast,1674.6323
39,female,23.87,5,no,southeast,8582.3023
29,female,24.6,2,no,southwest,4529.477
60,male,31.35,3,yes,northwest,46130.5265
49,female,23.18,2,no,northwest,10156.7832
27,female,34.8,1,no,southwest,3577.999
60,male,24.32,1,no,northwest,13112.6048
48,female,27.265,1,no,northeast,9447.25035
58,female,22.77,0,no,southeast,11833.7823
24,male,33.63,4,no,northeast,17128.42608
44,female,36.48,0,no,northeast,12797.20962
40,male,32.3,2,no,northwest,6986.697
45,male,39.805,0,no,northeast,7448.40395
23,male,26.51,0,no,southeast,1815.8759
45,female,35.815,0,no,northwest,7731.85785
23,female,32.78,2,yes,southeast,36021.0112
38,female,28.0,3,no,southwest,7151.092
51,male,25.4,0,no,southwest,8782.469
37,female,29.5,2,no,southwest,6311.952
19,male,25.555,1,no,northwest,2221.56445
62,female,25.0,0,no,southwest,13451.122
34,male,35.815,0,no,northwest,4320.41085
26,male,35.42,0,no,southeast,2322.6218
24,male,25.8,0,no,southwest,1972.95
48,male,29.6,0,no,southwest,21232.18226
25,male,24.985,2,no,northeast,23241.47453
43,male,20.13,2,yes,southeast,18767.7377
43,female,24.7,2,yes,northwest,21880.82
32,male,33.82,1,no,northwest,4462.7218
21,male,31.255,0,no,northwest,1909.52745
21,male,26.03,0,no,northeast,2102.2647
18,male,21.78,2,no,southeast,11884.04858
47,male,36.19,0,yes,southeast,41676.0811
45,male,20.35,3,no,southeast,8605.3615
54,female,32.3,1,no,northeast,11512.405
27,male,31.13,1,yes,southeast,34806.4677
41,male,35.75,1,yes,southeast,40273.6455
23,female,39.27,2,no,southeast,3500.6123
18,male,35.2,1,no,southeast,1727.54
37,female,38.39,0,yes,southeast,40419.0191
35,male,34.32,3,no,southeast,5934.3798
30,male,24.4,3,yes,southwest,18259.216
29,male,22.515,3,no,northeast,5209.57885
58,female,33.1,0,no,southwest,11848.141
36,male,34.43,2,no,southeast,5584.3057
42,male,35.97,2,no,southeast,7160.3303
35,female,23.465,2,no,northeast,6402.29135
51,female,34.2,1,no,southwest,9872.701
49,female,23.845,3,yes,northeast,24106.91255
62,male,32.11,0,no,northeast,13555.0049
43,female,20.045,2,yes,northeast,19798.05455
63,male,39.8,3,no,southwest,15170.069
62,female,33.2,0,no,southwest,13462.52
45,female,35.3,0,no,southwest,7348.142
39,female,24.225,5,no,northwest,8965.79575
53,male,29.48,0,no,southeast,9487.6442
48,male,36.67,1,no,northwest,28468.91901
29,female,25.9,0,no,southwest,3353.284
51,male,24.795,2,yes,northwest,23967.38305
61,female,33.33,4,no,southeast,36580.28216
47,male,36.08,1,yes,southeast,42211.1382
18,male,23.32,1,no,southeast,1711.0268
18,male,23.085,0,no,northeast,1704.70015
43,female,25.08,0,no,northeast,7325.0482
36,male,28.595,3,no,northwest,6548.19505
50,female,33.7,4,no,southwest,11299.343
41,male,29.64,5,no,northeast,9222.4026
19,female,18.6,0,no,southwest,1728.897
48,female,27.93,4,no,northwest,11015.1747
39,male,35.3,2,yes,southwest,40103.89
50,female,23.54,2,no,southeast,10107.2206
28,male,30.875,0,no,northwest,3062.50825
64,male,37.905,0,no,northwest,14210.53595
22,female,34.58,2,no,northeast,3925.7582
53,female,26.7,2,no,southwest,11150.78
19,female,28.88,0,yes,northwest,17748.5062
35,female,27.7,3,no,southwest,6414.178
28,male,22.515,2,no,northeast,4428.88785
26,male,17.67,0,no,northwest,2680.9493
18,female,31.13,0,no,southeast,1621.8827
41,male,30.78,3,yes,northeast,39597.4072
60,female,32.45,0,yes,southeast,45008.9555
37,female,30.78,0,yes,northeast,37270.1512
25,female,32.23,1,no,southeast,18218.16139
55,female,33.535,2,no,northwest,12269.68865
49,female,27.1,1,no,southwest,26140.3603
43,female,26.885,0,yes,northwest,21774.32215
59,female,27.5,0,no,southwest,12233.828
44,male,29.735,2,no,northeast,32108.66282
37,male,34.2,1,yes,northeast,39047.285
31,male,39.49,1,no,southeast,3875.7341
55,female,35.2,0,yes,southeast,44423.803
28,female,25.8,0,no,southwest,3161.454
25,female,22.515,1,no,northwest,3594.17085
55,male,27.645,0,no,northwest,10594.50155
63,male,33.66,3,no,southeast,15161.5344
25,female,33.99,1,no,southeast,3227.1211
33,female,19.095,2,yes,northeast,16776.30405
53,male,28.6,3,no,southwest,11253.421
38,male,38.39,3,yes,southeast,41949.2441
19,female,32.49,0,yes,northwest,36898.73308
60,male,32.8,0,yes,southwest,52590.82939
36,female,22.135,3,no,northeast,7228.21565
20,female,30.59,0,no,northeast,2459.7201
30,male,31.57,3,no,southeast,4837.5823
56,male,36.1,3,no,southwest,12363.547
56,male,33.725,0,no,northwest,10976.24575
49,male,28.69,3,no,northwest,10264.4421
19,male,21.755,0,no,northwest,1627.28245
45,male,33.7,1,no,southwest,7445.918
57,male,28.1,0,no,southwest,10965.446
47,male,38.94,2,yes,southeast,44202.6536
45,male,22.895,0,yes,northeast,35069.37452
42,male,35.8,2,no,southwest,7160.094
42,male,31.255,0,no,northwest,6358.77645
54,male,25.46,1,no,northeast,25517.11363
20,male,30.115,5,no,northeast,4915.05985
45,female,27.645,1,no,northwest,28340.18885
33,female,36.29,3,no,northeast,6551.7501
19,male,26.03,1,yes,northwest,16450.8947
23,male,18.715,0,no,northwest,21595.38229
19,male,27.265,2,no,northwest,22493.65964
48,female,28.9,0,no,southwest,8277.523
32,male,31.5,1,no,southwest,4076.497
39,female,18.3,5,yes,southwest,19023.26
26,male,30.0,1,no,southwest,2904.088
41,female,32.6,3,no,southwest,7954.517
33,female,18.5,1,no,southwest,4766.022
60,male,28.9,0,no,southwest,12146.971
51,female,36.67,2,no,northwest,10848.1343
47,male,32.3,1,no,southwest,8062.764
51,male,33.33,3,no,southeast,10560.4917
62,female,29.92,0,no,southeast,13457.9608
27,male,28.5,0,yes,northwest,18310.742
19,female,36.575,0,no,northwest,2136.88225
39,male,21.85,1,no,northwest,6117.4945
58,male,34.39,0,no,northwest,11743.9341
56,female,28.31,0,no,northeast,11657.7189
46,female,35.53,0,yes,northeast,42111.6647
23,female,28.12,0,no,northwest,2690.1138
24,female,33.99,0,no,southeast,2473.3341
43,male,23.2,0,no,southwest,6250.435
25,male,29.7,3,yes,southwest,19933.458
54,male,30.8,1,yes,southeast,41999.52
52,male,36.765,2,no,northwest,26467.09737
44,male,25.365,1,no,northwest,7518.02535
22,female,20.235,0,no,northwest,2527.81865
26,female,19.8,1,no,southwest,3378.91
50,female,31.6,2,no,southwest,10118.424
51,male,27.74,1,no,northeast,9957.7216
48,male,32.3,1,no,northwest,8765.249
18,male,21.565,0,yes,northeast,13747.87235
55,male,35.245,1,no,northeast,11394.06555
27,female,21.47,0,no,northwest,3353.4703
48,male,37.29,2,no,southeast,8978.1851
54,female,28.88,2,no,northeast,12096.6512
38,male,19.95,1,no,northwest,5855.9025
58,male,36.08,0,no,southeast,11363.2832
33,male,35.75,1,yes,southeast,38282.7495
30,female,19.95,3,no,northwest,5693.4305
41,female,28.31,1,no,northwest,7153.5539
41,female,31.02,0,no,southeast,6185.3208
21,female,17.4,1,no,southwest,2585.269
43,female,30.685,2,no,northwest,8310.83915
57,female,31.825,0,no,northwest,11842.62375
42,female,29.0,1,no,southwest,7050.642
25,male,25.84,1,no,northeast,3309.7926
20,female,31.46,0,no,southeast,1877.9294
53,female,23.75,2,no,northeast,11729.6795
48,female,33.11,0,yes,southeast,40974.1649
25,male,24.13,0,yes,northwest,15817.9857
18,male,37.29,0,no,southeast,1141.4451
50,male,36.2,0,no,southwest,8457.818
23,male,27.36,1,no,northwest,2789.0574
22,male,39.5,0,no,southwest,1682.597
22,male,28.31,1,no,northwest,2639.0429
38,male,31.0,1,no,southwest,5488.262
62,female,39.16,0,no,southeast,13470.8044
41,male,34.21,1,no,southeast,6289.7549
30,female,28.405,1,no,northwest,4527.18295
21,male,25.745,2,no,northeast,3279.86855
39,female,34.32,5,no,southeast,8596.8278
50,female,28.16,3,no,southeast,10702.6424
45,female,39.995,3,no,northeast,9704.66805
30,male,22.99,2,yes,northwest,17361.7661
24,male,32.7,0,yes,southwest,34472.841
47,male,19.19,1,no,northeast,8627.5411
29,female,25.6,4,no,southwest,5708.867
63,male,31.445,0,no,northeast,13974.45555
23,male,32.7,3,no,southwest,3591.48
23,male,24.51,0,no,northeast,2396.0959
53,female,36.86,3,yes,northwest,46661.4424
28,male,33.82,0,no,northwest,19673.33573
43,female,32.56,3,yes,southeast,40941.2854
30,male,38.83,1,no,southeast,18963.17192
31,female,25.8,2,no,southwest,4934.705
35,male,17.86,1,no,northwest,5116.5004
20,male,27.3,0,yes,southwest,16232.847
35,male,27.61,1,no,southeast,4747.0529
20,male,22.0,1,no,southwest,1964.78
41,male,32.2,2,no,southwest,6875.961
35,male,39.71,4,no,northeast,19496.71917
62,male,26.695,0,yes,northeast,28101.33305
23,female,28.0,0,no,southwest,13126.67745
18,female,27.28,3,yes,southeast,18223.4512
38,female,30.21,3,no,northwest,7537.1639
20,female,24.42,0,yes,southeast,26125.67477
34,female,27.72,0,no,southeast,4415.1588
42,female,37.9,0,no,southwest,6474.013
55,male,37.715,3,no,northwest,30063.58055
45,male,27.5,3,no,southwest,8615.3
19,female,25.745,1,no,northwest,2710.82855
50,male,30.97,3,no,northwest,10600.5483
62,female,32.68,0,no,northwest,13844.7972
63,female,21.66,0,no,northeast,14449.8544
37,male,22.705,3,no,northeast,6985.50695
33,male,29.4,4,no,southwest,6059.173
49,female,33.345,2,no,northeast,10370.91255
24,male,31.065,0,yes,northeast,34254.05335
20,female,33.3,0,no,southwest,1880.487
26,male,27.06,0,yes,southeast,17043.3414
21,male,23.21,0,no,southeast,1515.3449
32,male,28.12,4,yes,northwest,21472.4788
61,male,33.535,0,no,northeast,13143.33665
42,female,32.87,0,no,northeast,7050.0213
24,female,29.925,0,no,northwest,2850.68375
52,female,33.3,2,no,southwest,10806.839
40,male,25.08,0,no,southeast,5415.6612
46,female,34.6,1,yes,southwest,41661.602
32,female,20.52,0,no,northeast,4544.2348
32,female,29.735,0,no,northwest,4357.04365
33,female,26.695,0,no,northwest,4571.41305
45,male,23.56,2,no,northeast,8603.8234
41,female,21.755,1,no,northeast,13725.47184
18,male,21.47,0,no,northeast,1702.4553
28,female,33.11,0,no,southeast,3171.6149
43,male,25.52,5,no,southeast,14478.33015
24,female,27.72,0,no,southeast,2464.6188
52,female,24.13,1,yes,northwest,23887.6627
43,female,25.27,1,yes,northeast,21771.3423
29,male,37.29,2,no,southeast,4058.1161
18,female,39.82,0,no,southeast,1633.9618
54,female,27.645,1,no,northwest,11305.93455
55,female,30.5,0,no,southwest,10704.47
46,male,25.745,3,no,northwest,9301.89355
33,male,27.455,2,no,northwest,5261.46945
25,female,30.2,0,yes,southwest,33900.653
30,female,23.655,3,yes,northwest,18765.87545
31,male,29.81,0,yes,southeast,19350.3689
48,female,27.36,1,no,northeast,9447.3824
58,female,32.395,1,no,northeast,13019.16105
37,male,24.32,2,no,northwest,6198.7518
30,female,21.945,1,no,northeast,4718.20355
40,male,24.97,2,no,southeast,6593.5083
20,female,21.8,0,yes,southwest,20167.33603
40,female,29.3,4,no,southwest,15828.82173
62,male,30.875,3,yes,northwest,46718.16325
39,female,26.315,2,no,northwest,7201.70085
51,male,30.03,1,no,southeast,9377.9047
43,female,26.7,2,yes,southwest,22478.6
23,female,28.49,1,yes,southeast,18328.2381
18,male,39.14,0,no,northeast,12890.05765
41,male,23.94,1,no,northeast,6858.4796
33,female,39.82,1,no,southeast,4795.6568
56,male,34.43,0,no,southeast,10594.2257
54,female,24.605,3,no,northwest,12479.70895
45,female,27.83,2,no,southeast,8515.7587
58,female,28.215,0,no,northwest,12224.35085
51,female,36.385,3,no,northwest,11436.73815
18,male,26.125,0,no,northeast,1708.92575
29,female,21.85,0,yes,northeast,16115.3045
31,female,21.755,0,no,northwest,4134.08245
58,male,30.305,0,no,northeast,11938.25595
41,female,28.05,1,no,southeast,6770.1925
26,male,33.915,1,no,northwest,3292.52985
18,female,21.66,0,yes,northeast,14283.4594
45,male,30.36,0,yes,southeast,62592.87309
43,male,27.8,0,yes,southwest,37829.7242
42,male,24.605,2,yes,northeast,21259.37795
23,female,24.225,2,no,northeast,22395.74424
38,male,29.26,2,no,northwest,6457.8434
22,female,27.1,0,no,southwest,2154.361
22,male,32.11,0,no,northwest,2055.3249
39,male,34.1,2,no,southeast,23563.01618
22,female,21.28,3,no,northwest,4296.2712
18,male,33.33,0,no,southeast,1135.9407
28,male,37.1,1,no,southwest,3277.161
43,female,29.9,1,no,southwest,7337.748
57,male,23.7,0,no,southwest,10959.33
25,female,26.79,2,no,northwest,4189.1131
48,female,33.33,0,no,southeast,8283.6807
47,female,27.645,2,yes,northwest,24535.69855
36,female,25.9,1,no,southwest,5472.449
18,male,28.31,1,no,northeast,11272.33139
23,female,34.865,0,no,northeast,2899.48935
58,male,23.3,0,no,southwest,11345.519
28,male,24.3,5,no,southwest,5615.369
44,male,34.32,1,no,southeast,7147.4728
19,female,34.7,2,yes,southwest,36397.576
62,male,38.83,0,no,southeast,12981.3457
18,female,31.92,0,no,northeast,2205.9808
21,female,25.8,0,no,southwest,2007.945
20,male,35.625,3,yes,northwest,37465.34375
19,female,30.02,0,yes,northwest,33307.5508
38,male,16.815,2,no,northeast,6640.54485
42,male,37.18,2,no,southeast,7162.0122
64,male,36.96,2,yes,southeast,49577.6624
45,female,25.7,3,no,southwest,9101.798
24,male,29.83,0,yes,northeast,18648.4217
52,female,23.18,0,no,northeast,10197.7722
28,female,17.29,0,no,northeast,3732.6251
58,male,25.175,0,no,northeast,11931.12525
42,male,26.315,1,no,northwest,6940.90985
31,male,25.935,1,no,northwest,4239.89265
18,male,27.36,1,yes,northeast,17178.6824
40,female,27.4,1,no,southwest,6496.886
25,female,30.3,0,no,southwest,2632.992
48,female,36.575,0,no,northwest,8671.19125
19,female,27.93,3,no,northwest,18838.70366
36,male,33.4,2,yes,southwest,38415.474
59,male,37.1,1,no,southwest,12347.172
32,male,33.63,1,yes,northeast,37607.5277
64,male,23.76,0,yes,southeast,26926.5144
39,male,29.925,1,yes,northeast,22462.04375
47,female,24.32,0,no,northeast,8534.6718
28,female,26.51,2,no,southeast,4340.4409
23,female,33.4,0,no,southwest,10795.93733
51,male,32.3,1,no,northeast,9964.06
37,female,25.555,1,yes,northeast,20296.86345
19,male,19.8,0,no,southwest,1241.565
18,male,30.03,1,no,southeast,1720.3537
20,male,39.4,2,yes,southwest,38344.566
38,female,19.95,2,no,northeast,7133.9025
19,female,20.6,0,no,southwest,1731.677
29,male,32.11,2,no,northwest,4433.9159
31,female,32.775,2,no,northwest,5327.40025
41,male,33.55,0,no,southeast,5699.8375
40,male,29.355,1,no,northwest,6393.60345
59,female,34.8,2,no,southwest,36910.60803
36,male,30.875,1,no,northwest,5373.36425
50,male,25.3,0,no,southeast,8442.667
25,female,34.485,0,no,northwest,3021.80915
22,female,30.4,0,no,northeast,2741.948
61,male,36.3,1,yes,southwest,47403.88
19,male,34.9,0,yes,southwest,34828.654
25,female,20.8,1,no,southwest,3208.787
31,male,31.065,3,no,northwest,5425.02335
52,male,38.6,2,no,southwest,10325.206
27,female,31.255,1,no,northwest,3956.07145
52,male,34.485,3,yes,northwest,60021.39897
26,male,31.065,0,no,northwest,2699.56835
57,female,25.74,2,no,southeast,12629.1656
18,female,36.85,0,no,southeast,1629.8335
61,female,29.07,0,yes,northwest,29141.3603
